"POLITICO";"NOME_CASA";"PARTIDO";"UF";"ID";"ANO_MANDATO";"LEGISLATURA";"URL_FOTO"
"NICE LOBÃO";"NICE LOBAO";"PFL";"MA";"74447";"2007";"53";"dep_74447.jpg"
"FERNANDO MARRONI";"FERNANDO MARRONI";"PT";"RS";"73481";"2007";"53";"dep_73481.jpg"
"JOSEPH BANDEIRA";"JOSEPH BANDEIRA";"PT";"BA";"4929";"2007";"53";"dep_4929.jpg"
"LUIZ CARLOS SETIM";"LUIZ CARLOS SETIM";"PFL";"PR";"141486";"2007";"53";"sem_foto.jpg"
"MAURO NAZIF";"MAURO NAZIF";"PSB";"RO";"141508";"2007";"53";"sem_foto.jpg"
"ZEZÉU RIBEIRO";"ZEZEU RIBEIRO";"PT";"BA";"74145";"2007";"53";"sem_foto.jpg"
"VICENTE SELISTRE";"VICENTE SELISTRE";"PSB";"RS";"159258";"2007";"53";"sem_foto.jpg"
"BRIZOLA NETO";"BRIZOLA NETO";"PDT";"RJ";"141399";"2007";"53";"sem_foto.jpg"
"MÁRIO HERINGER";"MARIO HERINGER";"PDT";"MG";"74158";"2007";"53";"sem_foto.jpg"
"RICARDO BERZOINI";"RICARDO BERZOINI";"PT";"SP";"74793";"2007";"53";"sem_foto.jpg"
"LEONARDO VILELA";"LEONARDO VILELA";"PSDB";"GO";"74368";"2007";"53";"sem_foto.jpg"
"EDMAR MOREIRA";"EDMAR MOREIRA";"PFL";"MG";"74580";"2007";"53";"sem_foto.jpg"
"PEDRO HENRY";"PEDRO HENRY";"PP";"MT";"74111";"2007";"53";"sem_foto.jpg"
"MÁRIO DE OLIVEIRA";"MARIO DE OLIVEIRA";"PSC";"MG";"74747";"2007";"53";"sem_foto.jpg"
"VALDEMAR COSTA NETO";"VALDEMAR COSTA NETO";"PL";"SP";"73565";"2007";"53";"sem_foto.jpg"
"JOSÉ GENOÍNO";"JOSE GENOINO";"PT";"SP";"73540";"2007";"53";"sem_foto.jpg"
"HUMBERTO SOUTO";"HUMBERTO SOUTO";"PPS";"MG";"74662";"2007";"53";"sem_foto.jpg"
"JILMAR TATTO";"JILMAR TATTO";"PT";"SP";"141456";"2007";"53";"sem_foto.jpg"
"NERI GELLER";"NERI GELLER";"PSDB";"MT";"146307";"2007";"53";"sem_foto.jpg"
"DIMAS RAMALHO";"DIMAS RAMALHO";"PPS";"SP";"74265";"2007";"53";"sem_foto.jpg"
"HOMERO PEREIRA";"HOMERO PEREIRA";"PPS";"MT";"141448";"2007";"53";"sem_foto.jpg"
"ZONTA";"ZONTA";"PP";"SC";"74392";"2007";"53";"sem_foto.jpg"
"LINDOMAR GARÇON";"LINDOMAR GARCON";"PV";"RO";"141483";"2007";"53";"sem_foto.jpg"
"ANA ARRAES";"ANA ARRAES";"PSB";"PE";"141377";"2007";"53";"sem_foto.jpg"
"COSTA FERREIRA";"COSTA FERREIRA";"PSC";"MA";"74016";"2007";"53";"sem_foto.jpg"
"MOACIR MICHELETTO";"MOACIR MICHELETTO";"PMDB";"PR";"74238";"2007";"53";"sem_foto.jpg"
"EDSON APARECIDO";"EDSON APARECIDO";"PSDB";"SP";"141418";"2007";"53";"sem_foto.jpg"
"NELSON BORNIER";"NELSON BORNIER";"PMDB";"RJ";"73416";"2007";"53";"sem_foto.jpg"
"MENDES RIBEIRO FILHO";"MENDES RIBEIRO FILHO";"PMDB";"RS";"73904";"2007";"53";"sem_foto.jpg"
"ANTONIO CARLOS MAGALHÃES NETO";"ANTONIO CARLOS MAGALHAES NETO";"PFL";"BA";"74058";"2007";"53";"sem_foto.jpg"
"CHICO D'ANGELO";"CHICO DANGELO";"PT";"RJ";"141439";"2007";"53";"sem_foto.jpg"
"BENEDITO DE LIRA";"BENEDITO DE LIRA";"PP";"AL";"74517";"2007";"53";"sem_foto.jpg"
"EDUARDO LOPES";"EDUARDO LOPES";"PSB";"RJ";"4928";"2007";"53";"sem_foto.jpg"
"WALDEMIR MOKA";"WALDEMIR MOKA";"PMDB";"MS";"73456";"2007";"53";"sem_foto.jpg"
"LÍDICE DA MATA";"LIDICE DA MATA";"PSB";"BA";"139285";"2007";"53";"sem_foto.jpg"
"ANGELA PORTELA";"ANGELA PORTELA";"PTC";"RR";"141380";"2007";"53";"sem_foto.jpg"
"ARMANDO MONTEIRO";"ARMANDO MONTEIRO";"PTB";"PE";"74472";"2007";"53";"sem_foto.jpg"
"EUNÍCIO OLIVEIRA";"EUNICIO OLIVEIRA";"PMDB";"CE";"74454";"2007";"53";"sem_foto.jpg"
"RODRIGO ROLLEMBERG";"RODRIGO ROLLEMBERG";"PSB";"DF";"141533";"2007";"53";"sem_foto.jpg"
"EDUARDO AMORIM";"EDUARDO AMORIM";"PSC";"SE";"141420";"2007";"53";"sem_foto.jpg"
"WALTER PINHEIRO";"WALTER PINHEIRO";"PT";"BA";"74218";"2007";"53";"sem_foto.jpg"
"JOSÉ PIMENTEL";"JOSE PIMENTEL";"PT";"CE";"74298";"2007";"53";"sem_foto.jpg"
"SILAS BRASILEIRO";"SILAS BRASILEIRO";"PMDB";"MG";"74765";"2011";"54";"dep_74765.jpg"
"SÉRGIO BARRADAS CARNEIRO";"SERGIO BARRADAS CARNEIRO";"PT";"BA";"74533";"2011";"54";"dep_74533.jpg"
"JORGE BOEIRA";"JORGE BOEIRA";"PT";"SC";"74388";"2011";"54";"dep_74388.jpg"
"CARLOS ALBERTO LERÉIA";"CARLOS ALBERTO LEREIA";"PSDB";"GO";"74290";"2011";"54";"dep_74290.jpg"
"NARCIO RODRIGUES";"NARCIO RODRIGUES";"PSDB";"MG";"74108";"2011";"54";"dep_74108.jpg"
"DR. LUIZ FERNANDO";"DR. LUIZ FERNANDO";"PMN";"AM";"74094";"2011";"54";"dep_74094.jpg"
"OLIVEIRA FILHO";"OLIVEIRA FILHO";"PRB";"PR";"73464";"2011";"54";"dep_73464.jpg"
"MARIA LUCIA PRANDI ";"MARIA LUCIA PRANDI";"PT";"SP";"5829235";"2011";"54";"dep_5829235.jpg"
"GUSTAVO PETTA";"GUSTAVO PETTA";"PCdoB";"SP";"5829232";"2011";"54";"dep_5829232.jpg"
"HELCIO SILVA";"HELCIO SILVA";"PT";"SP";"5829231";"2011";"54";"dep_5829231.jpg"
"RENATO SIMOES";"RENATO SIMOES";"PT";"SP";"5829230";"2011";"54";"dep_5829230.jpg"
"AMIR LANDO";"AMIR LANDO";"PMDB";"RO";"5829229";"2011";"54";"dep_5829229.jpg"
"AKIRA OTSUBO";"AKIRA OTSUBO";"PMDB";"MS";"5829225";"2011";"54";"dep_5829225.jpg"
"FRANCISCO CHAGAS";"FRANCISCO CHAGAS";"PT";"SP";"5829213";"2011";"54";"dep_5829213.jpg"
"MARCIO JUNQUEIRA";"MARCIO JUNQUEIRA";"PROS";"RR";"5829212";"2011";"54";"dep_5829212.jpg"
"OSVALDO REIS";"OSVALDO REIS";"PMDB";"TO";"5829194";"2011";"54";"dep_5829194.jpg"
"FABIO REIS";"FABIO REIS";"PMDB";"SE";"5829193";"2011";"54";"dep_5829193.jpg"
"IARA BERNARDI";"IARA BERNARDI";"PT";"SP";"5829192";"2011";"54";"dep_5829192.jpg"
"URZENI ROCHA";"URZENI ROCHA";"PSD";"RR";"5829190";"2011";"54";"dep_5829190.jpg"
"ANSELMO DE JESUS";"ANSELMO DE JESUS";"PT";"RO";"5829189";"2011";"54";"dep_5829189.jpg"
"MANUEL ROSA NECA";"MANUEL ROSA NECA";"PR";"RJ";"5829188";"2011";"54";"dep_5829188.jpg"
"EURICO JUNIOR";"EURICO JUNIOR";"PV";"RJ";"5829187";"2011";"54";"dep_5829187.jpg"
"NILMARIO MIRANDA";"NILMARIO MIRANDA";"PT";"MG";"5829185";"2011";"54";"dep_5829185.jpg"
"MARGARIDA SALOMAO";"MARGARIDA SALOMAO";"PT";"MG";"5829184";"2011";"54";"dep_5829184.jpg"
"LUIZ DE DEUS";"LUIZ DE DEUS";"DEM";"BA";"5829183";"2011";"54";"dep_5829183.jpg"
"PAULAO";"PAULAO";"PT";"AL";"5829182";"2011";"54";"dep_5829182.jpg"
"FRANCISCO TENORIO";"FRANCISCO TENORIO";"PMN";"AL";"5829181";"2011";"54";"dep_5829181.jpg"
"MAJOR FABIO";"MAJOR FABIO";"PROS";"PB";"5829172";"2011";"54";"dep_5829172.jpg"
"NILSON LEITAO";"NILSON LEITAO";"PSDB";"MT";"534005";"2011";"54";"dep_534005.jpg"
"MAGDA MOFATTO";"MAGDA MOFATTO";"PR";"GO";"534002";"2011";"54";"dep_534002.jpg"
"DR. UBIALI";"DR. UBIALI";"PSB";"SP";"533383";"2011";"54";"dep_533383.jpg"
"SILVIO TORRES";"SILVIO TORRES";"PSDB";"SP";"533310";"2011";"54";"dep_533310.jpg"
"ELEUSES PAIVA";"ELEUSES PAIVA";"PSD";"SP";"533309";"2011";"54";"dep_533309.jpg"
"VANDERLEI MACRIS";"VANDERLEI MACRIS";"PSDB";"SP";"533308";"2011";"54";"dep_533308.jpg"
"VANDERLEI SIRAQUE";"VANDERLEI SIRAQUE";"PT";"SP";"533238";"2011";"54";"dep_533238.jpg"
"MARCOS ROGERIO";"MARCOS ROGERIO";"PDT";"RO";"532900";"2011";"54";"dep_532900.jpg"
"DR. CARLOS ALBERTO";"DR. CARLOS ALBERTO";"PMN";"RJ";"532384";"2011";"54";"dep_532384.jpg"
"PAULO FEIJO";"PAULO FEIJO";"PR";"RJ";"532214";"2011";"54";"dep_532214.jpg"
"LUIZ NISHIMORI";"LUIZ NISHIMORI";"PR";"PR";"532007";"2011";"54";"dep_532007.jpg"
"ODILIO BALBINOTTI";"ODILIO BALBINOTTI";"PMDB";"PR";"531977";"2011";"54";"dep_531977.jpg"
"VILALBA";"VILALBA";"PP";"PE";"531878";"2011";"54";"dep_531878.jpg"
"PAULO RUBEM SANTIAGO";"PAULO RUBEM SANTIAGO";"PDT";"PE";"531877";"2011";"54";"dep_531877.jpg"
"LUIZ OTAVIO";"LUIZ OTAVIO";"PMDB";"PA";"531783";"2011";"54";"dep_531783.jpg"
"DUDIMAR PAXIUBA";"DUDIMAR PAXIUBA";"PROS";"PA";"531760";"2011";"54";"dep_531760.jpg"
"ROBERTO DORNER";"ROBERTO DORNER";"PSD";"MT";"531707";"2011";"54";"dep_531707.jpg"
"STEFANO AGUIAR";"STEFANO AGUIAR";"PSB";"MG";"531619";"2011";"54";"dep_531619.jpg"
"JAIRO ATAIDE";"JAIRO ATAIDE";"DEM";"MG";"531199";"2011";"54";"dep_531199.jpg"
"JOAO BITTAR";"JOAO BITTAR";"DEM";"MG";"531198";"2011";"54";"dep_531198.jpg"
"BONIFACIO DE ANDRADA";"BONIFACIO DE ANDRADA";"PSDB";"MG";"531197";"2011";"54";"dep_531197.jpg"
"VITOR PENIDO";"VITOR PENIDO";"DEM";"MG";"531196";"2011";"54";"dep_531196.jpg"
"WEVERTON ROCHA";"WEVERTON ROCHA";"PDT";"MA";"531099";"2011";"54";"dep_531099.jpg"
"DAVI ALVES SILVA JUNIOR";"DAVI ALVES SILVA JUNIOR";"PR";"MA";"531069";"2011";"54";"dep_531069.jpg"
"CAMILO COLA";"CAMILO COLA";"PMDB";"ES";"530941";"2011";"54";"dep_530941.jpg"
"POLICARPO";"POLICARPO";"PT";"DF";"530896";"2011";"54";"dep_530896.jpg"
"MARIO FEITOZA";"MARIO FEITOZA";"PMDB";"CE";"530829";"2011";"54";"dep_530829.jpg"
"EMILIANO JOSE";"EMILIANO JOSE";"PT";"BA";"530660";"2011";"54";"dep_530660.jpg"
"ACELINO POPO";"ACELINO POPO";"PRB";"BA";"530659";"2011";"54";"dep_530659.jpg"
"PROFESSORA DORINHA SEABRA REZENDE";"PROFESSORA DORINHA SEABRA REZENDE";"DEM";"TO";"530217";"2011";"54";"dep_530217.jpg"
"IRAJA ABREU";"IRAJA ABREU";"PSD";"TO";"530216";"2011";"54";"dep_530216.jpg"
"CESAR HALUM";"CESAR HALUM";"PRB";"TO";"530215";"2011";"54";"dep_530215.jpg"
"JUNIOR COIMBRA";"JUNIOR COIMBRA";"PMDB";"TO";"530214";"2011";"54";"dep_530214.jpg"
"ANGELO AGNOLIN";"ANGELO AGNOLIN";"PDT";"TO";"530213";"2011";"54";"dep_530213.jpg"
"DELEGADO PROTOGENES";"DELEGADO PROTOGENES";"PCdoB";"SP";"530212";"2011";"54";"dep_530212.jpg"
"BRUNA FURLAN";"BRUNA FURLAN";"PSDB";"SP";"530211";"2011";"54";"dep_530211.jpg"
"VAZ DE LIMA";"VAZ DE LIMA";"PSDB";"SP";"530210";"2011";"54";"dep_530210.jpg"
"LUIZ FERNANDO MACHADO";"LUIZ FERNANDO MACHADO";"PSDB";"SP";"530209";"2011";"54";"dep_530209.jpg"
"WILLIAM DIB";"WILLIAM DIB";"PSDB";"SP";"530208";"2011";"54";"dep_530208.jpg"
"MARA GABRILLI";"MARA GABRILLI";"PSDB";"SP";"530207";"2011";"54";"dep_530207.jpg"
"RICARDO IZAR";"RICARDO IZAR";"PSD";"SP";"530206";"2011";"54";"dep_530206.jpg"
"PENNA";"PENNA";"PV";"SP";"530204";"2011";"54";"dep_530204.jpg"
"GUILHERME MUSSI";"GUILHERME MUSSI";"PP";"SP";"530203";"2011";"54";"dep_530203.jpg"
"KEIKO OTA";"KEIKO OTA";"PSB";"SP";"530202";"2011";"54";"dep_530202.jpg"
"ELI CORREA FILHO";"ELI CORREA FILHO";"DEM";"SP";"530199";"2011";"54";"dep_530199.jpg"
"JUNJI ABE";"JUNJI ABE";"PSD";"SP";"530198";"2011";"54";"dep_530198.jpg"
"RODRIGO GARCIA";"RODRIGO GARCIA";"DEM";"SP";"530197";"2011";"54";"dep_530197.jpg"
"ALEXANDRE LEITE";"ALEXANDRE LEITE";"DEM";"SP";"530196";"2011";"54";"dep_530196.jpg"
"ROBERTO FREIRE";"ROBERTO FREIRE";"PPS";"SP";"530195";"2011";"54";"dep_530195.jpg"
"PAULO FREIRE";"PAULO FREIRE";"PR";"SP";"530194";"2011";"54";"dep_530194.jpg"
"TIRIRICA";"TIRIRICA";"PR";"SP";"530193";"2011";"54";"dep_530193.jpg"
"MARCELO AGUIAR";"MARCELO AGUIAR";"DEM";"SP";"530192";"2011";"54";"dep_530192.jpg"
"PASTOR MARCO FELICIANO";"PASTOR MARCO FELICIANO";"PSC";"SP";"530191";"2011";"54";"dep_530191.jpg"
"NEWTON LIMA";"NEWTON LIMA";"PT";"SP";"530188";"2011";"54";"dep_530188.jpg"
"VICENTE CANDIDO";"VICENTE CANDIDO";"PT";"SP";"530186";"2011";"54";"dep_530186.jpg"
"SALVADOR ZIMBALDI";"SALVADOR ZIMBALDI";"PROS";"SP";"530185";"2011";"54";"dep_530185.jpg"
"MISSIONARIO JOSE OLIMPIO";"MISSIONARIO JOSE OLIMPIO";"PP";"SP";"530184";"2011";"54";"dep_530184.jpg"
"OTONIEL LIMA";"OTONIEL LIMA";"PRB";"SP";"530183";"2011";"54";"dep_530183.jpg"
"ANDRE MOURA";"ANDRE MOURA";"PSC";"SE";"530182";"2011";"54";"dep_530182.jpg"
"ALMEIDA LIMA";"ALMEIDA LIMA";"PMDB";"SE";"530181";"2011";"54";"dep_530181.jpg"
"MARCIO MACEDO";"MARCIO MACEDO";"PT";"SE";"530180";"2011";"54";"dep_530180.jpg"
"ROGERIO CARVALHO";"ROGERIO CARVALHO";"PT";"SE";"530179";"2011";"54";"dep_530179.jpg"
"MARCO TEBALDI";"MARCO TEBALDI";"PSDB";"SC";"530177";"2011";"54";"dep_530177.jpg"
"JORGINHO MELLO";"JORGINHO MELLO";"PR";"SC";"530176";"2011";"54";"dep_530176.jpg"
"ONOFRE SANTO AGOSTINI";"ONOFRE SANTO AGOSTINI";"PSD";"SC";"530175";"2011";"54";"dep_530175.jpg"
"JOAO RODRIGUES";"JOAO RODRIGUES";"PSD";"SC";"530174";"2011";"54";"dep_530174.jpg"
"ROGERIO PENINHA MENDONCA";"ROGERIO PENINHA MENDONCA";"PMDB";"SC";"530173";"2011";"54";"dep_530173.jpg"
"RONALDO BENEDET";"RONALDO BENEDET";"PMDB";"SC";"530172";"2011";"54";"dep_530172.jpg"
"PEDRO UCZAI";"PEDRO UCZAI";"PT";"SC";"530171";"2011";"54";"dep_530171.jpg"
"LUCI CHOINACKI";"LUCI CHOINACKI";"PT";"SC";"530170";"2011";"54";"dep_530170.jpg"
"ESPERIDIAO AMIN";"ESPERIDIAO AMIN";"PP";"SC";"530169";"2011";"54";"dep_530169.jpg"
"ASSIS MELO";"ASSIS MELO";"PCdoB";"RS";"530168";"2011";"54";"dep_530168.jpg"
"NELSON MARCHEZAN JUNIOR";"NELSON MARCHEZAN JUNIOR";"PSDB";"RS";"530167";"2011";"54";"dep_530167.jpg"
"JOSE STEDILE";"JOSE STEDILE";"PSB";"RS";"530166";"2011";"54";"dep_530166.jpg"
"ALEXANDRE ROSO";"ALEXANDRE ROSO";"PSB";"RS";"530165";"2011";"54";"dep_530165.jpg"
"ALCEU MOREIRA";"ALCEU MOREIRA";"PMDB";"RS";"530164";"2011";"54";"dep_530164.jpg"
"DANRLEI DE DEUS HINTERHOLZ";"DANRLEI DE DEUS HINTERHOLZ";"PSD";"RS";"530163";"2011";"54";"dep_530163.jpg"
"MARCON";"MARCON";"PT";"RS";"530162";"2011";"54";"dep_530162.jpg"
"BOHN GASS";"BOHN GASS";"PT";"RS";"530161";"2011";"54";"dep_530161.jpg"
"RONALDO ZULKE";"RONALDO ZULKE";"PT";"RS";"530160";"2011";"54";"dep_530160.jpg"
"GIOVANI CHERINI";"GIOVANI CHERINI";"PDT";"RS";"530159";"2011";"54";"dep_530159.jpg"
"JERONIMO GOERGEN";"JERONIMO GOERGEN";"PP";"RS";"530158";"2011";"54";"dep_530158.jpg"
"CHICO DAS VERDURAS";"CHICO DAS VERDURAS";"PRP";"RR";"530156";"2011";"54";"dep_530156.jpg"
"RAUL LIMA";"RAUL LIMA";"PP";"RR";"530153";"2011";"54";"dep_530153.jpg"
"JHONATAN DE JESUS";"JHONATAN DE JESUS";"PRB";"RR";"530152";"2011";"54";"dep_530152.jpg"
"NILTON CAPIXABA";"NILTON CAPIXABA";"PTB";"RO";"530151";"2011";"54";"dep_530151.jpg"
"PADRE TON";"PADRE TON";"PT";"RO";"530150";"2011";"54";"dep_530150.jpg"
"CARLOS MAGNO";"CARLOS MAGNO";"PP";"RO";"530149";"2011";"54";"dep_530149.jpg"
"JANDIRA FEGHALI";"JANDIRA FEGHALI";"PCdoB";"RJ";"530146";"2011";"54";"dep_530146.jpg"
"JEAN WYLLYS";"JEAN WYLLYS";"PSOL";"RJ";"530145";"2011";"54";"dep_530145.jpg"
"ALFREDO SIRKIS";"ALFREDO SIRKIS";"PSB";"RJ";"530143";"2011";"54";"dep_530143.jpg"
"ROMARIO";"ROMARIO";"PSB";"RJ";"530142";"2011";"54";"dep_530142.jpg"
"AUREO";"AUREO";"SD";"RJ";"530141";"2011";"54";"dep_530141.jpg"
"STEPAN NERCESSIAN";"STEPAN NERCESSIAN";"PPS";"RJ";"530140";"2011";"54";"dep_530140.jpg"
"FRANCISCO FLORIANO";"FRANCISCO FLORIANO";"PR";"RJ";"530139";"2011";"54";"dep_530139.jpg"
"ZOINHO";"ZOINHO";"PR";"RJ";"530138";"2011";"54";"dep_530138.jpg"
"ANTHONY GAROTINHO";"ANTHONY GAROTINHO";"PR";"RJ";"530137";"2011";"54";"dep_530137.jpg"
"LILIAM SA";"LILIAM SA";"PROS";"RJ";"530136";"2011";"54";"dep_530136.jpg"
"ADRIAN";"ADRIAN";"PMDB";"RJ";"530135";"2011";"54";"dep_530135.jpg"
"WASHINGTON REIS";"WASHINGTON REIS";"PMDB";"RJ";"530134";"2011";"54";"dep_530134.jpg"
"BENEDITA DA SILVA";"BENEDITA DA SILVA";"PT";"RJ";"530131";"2011";"54";"dep_530131.jpg"
"ALESSANDRO MOLON";"ALESSANDRO MOLON";"PT";"RJ";"530130";"2011";"54";"dep_530130.jpg"
"SERGIO ZVEITER";"SERGIO ZVEITER";"PSD";"RJ";"530129";"2011";"54";"dep_530129.jpg"
"MARCELO MATOS";"MARCELO MATOS";"PDT";"RJ";"530128";"2011";"54";"dep_530128.jpg"
"JULIO LOPES";"JULIO LOPES";"PP";"RJ";"530127";"2011";"54";"dep_530127.jpg"
"VITOR PAULO";"VITOR PAULO";"PRB";"RJ";"530126";"2011";"54";"dep_530126.jpg"
"ROSANE FERREIRA";"ROSANE FERREIRA";"PV";"PR";"530124";"2011";"54";"dep_530124.jpg"
"LEOPOLDO MEYER";"LEOPOLDO MEYER";"PSB";"PR";"530123";"2011";"54";"dep_530123.jpg"
"SANDRO ALEX";"SANDRO ALEX";"PPS";"PR";"530122";"2011";"54";"dep_530122.jpg"
"RUBENS BUENO";"RUBENS BUENO";"PPS";"PR";"530121";"2011";"54";"dep_530121.jpg"
"NELSON PADOVANI";"NELSON PADOVANI";"PSC";"PR";"530120";"2011";"54";"dep_530120.jpg"
"EDMAR ARRUDA";"EDMAR ARRUDA";"PSC";"PR";"530119";"2011";"54";"dep_530119.jpg"
"JOAO ARRUDA";"JOAO ARRUDA";"PMDB";"PR";"530118";"2011";"54";"dep_530118.jpg"
"ZECA DIRCEU";"ZECA DIRCEU";"PT";"PR";"530117";"2011";"54";"dep_530117.jpg"
"HUGO NAPOLEAO";"HUGO NAPOLEAO";"PSD";"PI";"530115";"2011";"54";"dep_530115.jpg"
"MARLLOS SAMPAIO";"MARLLOS SAMPAIO";"PMDB";"PI";"530114";"2011";"54";"dep_530114.jpg"
"JESUS RODRIGUES";"JESUS RODRIGUES";"PT";"PI";"530113";"2011";"54";"dep_530113.jpg"
"ASSIS CARVALHO";"ASSIS CARVALHO";"PT";"PI";"530112";"2011";"54";"dep_530112.jpg"
"IRACEMA PORTELLA";"IRACEMA PORTELLA";"PP";"PI";"530111";"2011";"54";"dep_530111.jpg"
"LUCIANA SANTOS";"LUCIANA SANTOS";"PCdoB";"PE";"530110";"2011";"54";"dep_530110.jpg"
"PASTOR EURICO";"PASTOR EURICO";"PSB";"PE";"530108";"2011";"54";"dep_530108.jpg"
"AUGUSTO COUTINHO";"AUGUSTO COUTINHO";"SD";"PE";"530106";"2011";"54";"dep_530106.jpg"
"MENDONCA FILHO";"MENDONCA FILHO";"DEM";"PE";"530105";"2011";"54";"dep_530105.jpg"
"ANDERSON FERREIRA";"ANDERSON FERREIRA";"PR";"PE";"530104";"2011";"54";"dep_530104.jpg"
"JOSE AUGUSTO MAIA";"JOSE AUGUSTO MAIA";"PROS";"PE";"530103";"2011";"54";"dep_530103.jpg"
"JORGE CORTE REAL";"JORGE CORTE REAL";"PTB";"PE";"530102";"2011";"54";"dep_530102.jpg"
"JOAO PAULO LIMA";"JOAO PAULO LIMA";"PT";"PE";"530101";"2011";"54";"dep_530101.jpg"
"ROBERTO TEIXEIRA";"ROBERTO TEIXEIRA";"PP";"PE";"530100";"2011";"54";"dep_530100.jpg"
"RUY CARNEIRO";"RUY CARNEIRO";"PSDB";"PB";"530099";"2011";"54";"dep_530099.jpg"
"BENJAMIN MARANHAO";"BENJAMIN MARANHAO";"SD";"PB";"530097";"2011";"54";"dep_530097.jpg"
"HUGO MOTTA";"HUGO MOTTA";"PMDB";"PB";"530096";"2011";"54";"dep_530096.jpg"
"WILSON FILHO";"WILSON FILHO";"PTB";"PB";"530095";"2011";"54";"dep_530095.jpg"
"NILDA GONDIM";"NILDA GONDIM";"PMDB";"PB";"530094";"2011";"54";"dep_530094.jpg"
"AGUINALDO RIBEIRO";"AGUINALDO RIBEIRO";"PP";"PB";"530093";"2011";"54";"dep_530093.jpg"
"ARNALDO JORDY";"ARNALDO JORDY";"PPS";"PA";"530092";"2011";"54";"dep_530092.jpg"
"JOSE PRIANTE";"JOSE PRIANTE";"PMDB";"PA";"530091";"2011";"54";"dep_530091.jpg"
"JOSUE BENGTSON";"JOSUE BENGTSON";"PTB";"PA";"530090";"2011";"54";"dep_530090.jpg"
"MIRIQUINHO BATISTA";"MIRIQUINHO BATISTA";"PT";"PA";"530089";"2011";"54";"dep_530089.jpg"
"CLAUDIO PUTY";"CLAUDIO PUTY";"PT";"PA";"530088";"2011";"54";"dep_530088.jpg"
"JULIO CAMPOS";"JULIO CAMPOS";"DEM";"MT";"530087";"2011";"54";"dep_530087.jpg"
"SAGUAS MORAES";"SAGUAS MORAES";"PT";"MT";"530086";"2011";"54";"dep_530086.jpg"
"MANDETTA";"MANDETTA";"DEM";"MS";"530084";"2011";"54";"dep_530084.jpg"
"FABIO TRAD";"FABIO TRAD";"PMDB";"MS";"530082";"2011";"54";"dep_530082.jpg"
"LUIS TIBE";"LUIS TIBE";"PTdoB";"MG";"530081";"2011";"54";"dep_530081.jpg"
"DOMINGOS SAVIO";"DOMINGOS SAVIO";"PSDB";"MG";"530079";"2011";"54";"dep_530079.jpg"
"MARCUS PESTANA";"MARCUS PESTANA";"PSDB";"MG";"530078";"2011";"54";"dep_530078.jpg"
"WALTER TOSTA";"WALTER TOSTA";"PSD";"MG";"530076";"2011";"54";"dep_530076.jpg"
"JOSE HUMBERTO";"JOSE HUMBERTO";"PSD";"MG";"530075";"2011";"54";"dep_530075.jpg"
"BERNARDO SANTANA DE VASCONCELLOS";"BERNARDO SANTANA DE VASCONCELLOS";"PR";"MG";"530074";"2011";"54";"dep_530074.jpg"
"DIEGO ANDRADE";"DIEGO ANDRADE";"PSD";"MG";"530073";"2011";"54";"dep_530073.jpg"
"DR. GRILO";"DR. GRILO";"SD";"MG";"530072";"2011";"54";"dep_530072.jpg"
"NEWTON CARDOSO";"NEWTON CARDOSO";"PMDB";"MG";"530071";"2011";"54";"dep_530071.jpg"
"EROS BIONDINI";"EROS BIONDINI";"PTB";"MG";"530070";"2011";"54";"dep_530070.jpg"
"WELITON PRADO";"WELITON PRADO";"PT";"MG";"530069";"2011";"54";"dep_530069.jpg"
"PADRE JOAO";"PADRE JOAO";"PT";"MG";"530068";"2011";"54";"dep_530068.jpg"
"GABRIEL GUIMARAES";"GABRIEL GUIMARAES";"PT";"MG";"530067";"2011";"54";"dep_530067.jpg"
"ZE SILVA";"ZE SILVA";"SD";"MG";"530066";"2011";"54";"dep_530066.jpg"
"TONINHO PINHEIRO";"TONINHO PINHEIRO";"PP";"MG";"530065";"2011";"54";"dep_530065.jpg"
"RENZO BRAZ";"RENZO BRAZ";"PP";"MG";"530064";"2011";"54";"dep_530064.jpg"
"DIMAS FABIANO";"DIMAS FABIANO";"PP";"MG";"530063";"2011";"54";"dep_530063.jpg"
"LOURIVAL MENDES";"LOURIVAL MENDES";"PTdoB";"MA";"530062";"2011";"54";"dep_530062.jpg"
"HELIO SANTOS";"HELIO SANTOS";"PSDB";"MA";"530061";"2011";"54";"dep_530061.jpg"
"ALBERTO FILHO";"ALBERTO FILHO";"PMDB";"MA";"530059";"2011";"54";"dep_530059.jpg"
"ARMANDO VERGILIO";"ARMANDO VERGILIO";"SD";"GO";"530057";"2011";"54";"dep_530057.jpg"
"HEULER CRUVINEL";"HEULER CRUVINEL";"PSD";"GO";"530056";"2011";"54";"dep_530056.jpg"
"VILMAR ROCHA";"VILMAR ROCHA";"PSD";"GO";"530055";"2011";"54";"dep_530055.jpg"
"THIAGO PEIXOTO";"THIAGO PEIXOTO";"PSD";"GO";"530054";"2011";"54";"dep_530054.jpg"
"FLAVIA MORAIS";"FLAVIA MORAIS";"PDT";"GO";"530053";"2011";"54";"dep_530053.jpg"
"PAULO FOLETTO";"PAULO FOLETTO";"PSB";"ES";"530051";"2011";"54";"dep_530051.jpg"
"LAURIETE";"LAURIETE";"PSC";"ES";"530049";"2011";"54";"dep_530049.jpg"
"DR. JORGE SILVA";"DR. JORGE SILVA";"PROS";"ES";"530048";"2011";"54";"dep_530048.jpg"
"JAQUELINE RORIZ";"JAQUELINE RORIZ";"PMN";"DF";"530047";"2011";"54";"dep_530047.jpg"
"RONALDO FONSECA";"RONALDO FONSECA";"PROS";"DF";"530046";"2011";"54";"dep_530046.jpg"
"LUIZ PITIMAN";"LUIZ PITIMAN";"PSDB";"DF";"530045";"2011";"54";"dep_530045.jpg"
"ERIKA KOKAY";"ERIKA KOKAY";"PT";"DF";"530044";"2011";"54";"dep_530044.jpg"
"REGUFFE";"REGUFFE";"PDT";"DF";"530042";"2011";"54";"dep_530042.jpg"
"JOAO ANANIAS";"JOAO ANANIAS";"PCdoB";"CE";"530041";"2011";"54";"dep_530041.jpg"
"DOMINGOS NETO";"DOMINGOS NETO";"PROS";"CE";"530040";"2011";"54";"dep_530040.jpg"
"EDSON SILVA";"EDSON SILVA";"PROS";"CE";"530039";"2011";"54";"dep_530039.jpg"
"ANTONIO BALHMANN";"ANTONIO BALHMANN";"PROS";"CE";"530038";"2011";"54";"dep_530038.jpg"
"GENECIAS NORONHA";"GENECIAS NORONHA";"SD";"CE";"530037";"2011";"54";"dep_530037.jpg"
"DANILO FORTE";"DANILO FORTE";"PMDB";"CE";"530035";"2011";"54";"dep_530035.jpg"
"ANDRE FIGUEIREDO";"ANDRE FIGUEIREDO";"PDT";"CE";"530033";"2011";"54";"dep_530033.jpg"
"EDSON PIMENTA";"EDSON PIMENTA";"PSD";"BA";"530032";"2011";"54";"dep_530032.jpg"
"ANTONIO IMBASSAHY";"ANTONIO IMBASSAHY";"PSDB";"BA";"530031";"2011";"54";"dep_530031.jpg"
"JANIO NATAL";"JANIO NATAL";"PRP";"BA";"530030";"2011";"54";"dep_530030.jpg"
"JOSE NUNES";"JOSE NUNES";"PSD";"BA";"530029";"2011";"54";"dep_530029.jpg"
"FERNANDO TORRES";"FERNANDO TORRES";"PSD";"BA";"530028";"2011";"54";"dep_530028.jpg"
"ERIVELTON SANTANA";"ERIVELTON SANTANA";"PSC";"BA";"530027";"2011";"54";"dep_530027.jpg"
"LUCIO VIEIRA LIMA";"LUCIO VIEIRA LIMA";"PMDB";"BA";"530026";"2011";"54";"dep_530026.jpg"
"ARTHUR OLIVEIRA MAIA";"ARTHUR OLIVEIRA MAIA";"SD";"BA";"530025";"2011";"54";"dep_530025.jpg"
"ANTONIO BRITO";"ANTONIO BRITO";"PTB";"BA";"530024";"2011";"54";"dep_530024.jpg"
"WALDENOR PEREIRA";"WALDENOR PEREIRA";"PT";"BA";"530022";"2011";"54";"dep_530022.jpg"
"AMAURI TEIXEIRA";"AMAURI TEIXEIRA";"PT";"BA";"530020";"2011";"54";"dep_530020.jpg"
"VALMIR ASSUNCAO";"VALMIR ASSUNCAO";"PT";"BA";"530019";"2011";"54";"dep_530019.jpg"
"AFONSO FLORENCE";"AFONSO FLORENCE";"PT";"BA";"530018";"2011";"54";"dep_530018.jpg"
"FELIX MENDONCA JUNIOR";"FELIX MENDONCA JUNIOR";"PDT";"BA";"530017";"2011";"54";"dep_530017.jpg"
"OZIEL OLIVEIRA";"OZIEL OLIVEIRA";"PDT";"BA";"530016";"2011";"54";"dep_530016.jpg"
"LUIZ ARGOLO";"LUIZ ARGOLO";"SD";"BA";"530015";"2011";"54";"dep_530015.jpg"
"LUIZ CARLOS";"LUIZ CARLOS";"PSDB";"AP";"530014";"2011";"54";"dep_530014.jpg"
"VINICIUS GURGEL";"VINICIUS GURGEL";"PR";"AP";"530013";"2011";"54";"dep_530013.jpg"
"PAUDERNEY AVELINO";"PAUDERNEY AVELINO";"DEM";"AM";"530011";"2011";"54";"dep_530011.jpg"
"JOAO LYRA";"JOAO LYRA";"PSD";"AL";"530006";"2011";"54";"dep_530006.jpg"
"ARTHUR LIRA";"ARTHUR LIRA";"PP";"AL";"530004";"2011";"54";"dep_530004.jpg"
"MARCIO BITTAR";"MARCIO BITTAR";"PSDB";"AC";"530003";"2011";"54";"dep_530003.jpg"
"ANTONIA LUCIA";"ANTONIA LUCIA";"PSC";"AC";"530002";"2011";"54";"dep_530002.jpg"
"SIBA MACHADO";"SIBA MACHADO";"PT";"AC";"530001";"2011";"54";"dep_530001.jpg"
"TAUMATURGO LIMA";"TAUMATURGO LIMA";"PT";"AC";"530000";"2011";"54";"dep_530000.jpg"
"LAZARO BOTELHO";"LAZARO BOTELHO";"PP";"TO";"529135";"2011";"54";"dep_529135.jpg"
"PAULO MALUF";"PAULO MALUF";"PP";"SP";"528890";"2011";"54";"dep_528890.jpg"
"BETO MANSUR";"BETO MANSUR";"PRB";"SP";"528887";"2011";"54";"dep_528887.jpg"
"PAULO PEREIRA DA SILVA";"PAULO PEREIRA DA SILVA";"SD";"SP";"528881";"2011";"54";"dep_528881.jpg"
"PAULO TEIXEIRA";"PAULO TEIXEIRA";"PT";"SP";"528722";"2011";"54";"dep_528722.jpg"
"ROBERTO SANTIAGO";"ROBERTO SANTIAGO";"PSD";"SP";"528650";"2011";"54";"dep_528650.jpg"
"RICARDO TRIPOLI";"RICARDO TRIPOLI";"PSDB";"SP";"528647";"2011";"54";"dep_528647.jpg"
"JOSE ANIBAL";"JOSE ANIBAL";"PSDB";"SP";"528586";"2011";"54";"dep_528586.jpg"
"ABELARDO CAMARINHA";"ABELARDO CAMARINHA";"PSB";"SP";"528580";"2011";"54";"dep_528580.jpg"
"JORGE TADEU MUDALEN";"JORGE TADEU MUDALEN";"DEM";"SP";"528578";"2011";"54";"dep_528578.jpg"
"JANETE ROCHA PIETA";"JANETE ROCHA PIETA";"PT";"SP";"528531";"2011";"54";"dep_528531.jpg"
"GUILHERME CAMPOS";"GUILHERME CAMPOS";"PSD";"SP";"528487";"2011";"54";"dep_528487.jpg"
"EMANUEL FERNANDES";"EMANUEL FERNANDES";"PSDB";"SP";"528412";"2011";"54";"dep_528412.jpg"
"CARLOS ZARATTINI";"CARLOS ZARATTINI";"PT";"SP";"528288";"2011";"54";"dep_528288.jpg"
"CANDIDO VACCAREZZA";"CANDIDO VACCAREZZA";"PT";"SP";"528280";"2011";"54";"dep_528280.jpg"
"ANTONIO BULHOES";"ANTONIO BULHOES";"PRB";"SP";"528219";"2011";"54";"dep_528219.jpg"
"ALINE CORREA";"ALINE CORREA";"PP";"SP";"528183";"2011";"54";"dep_528183.jpg"
"LAERCIO OLIVEIRA";"LAERCIO OLIVEIRA";"SD";"SE";"528134";"2011";"54";"dep_528134.jpg"
"VALADARES FILHO";"VALADARES FILHO";"PSB";"SE";"528107";"2011";"54";"dep_528107.jpg"
"PAULO BORNHAUSEN";"PAULO BORNHAUSEN";"PSB";"SC";"528081";"2011";"54";"dep_528081.jpg"
"MAURO MARIANI";"MAURO MARIANI";"PMDB";"SC";"528067";"2011";"54";"dep_528067.jpg"
"DECIO LIMA";"DECIO LIMA";"PT";"SC";"528021";"2011";"54";"dep_528021.jpg"
"CELSO MALDANER";"CELSO MALDANER";"PMDB";"SC";"528009";"2011";"54";"dep_528009.jpg"
"VILSON COVATTI";"VILSON COVATTI";"PP";"RS";"527977";"2011";"54";"dep_527977.jpg"
"SERGIO MORAES";"SERGIO MORAES";"PTB";"RS";"527964";"2011";"54";"dep_527964.jpg"
"RENATO MOLLING";"RENATO MOLLING";"PP";"RS";"527952";"2011";"54";"dep_527952.jpg"
"MANUELA D'ÁVILA";"MANUELA DAVILA";"PCdoB";"RS";"527897";"2011";"54";"dep_527897.jpg"
"LUIZ CARLOS BUSATO";"LUIZ CARLOS BUSATO";"PTB";"RS";"527890";"2011";"54";"dep_527890.jpg"
"EDIO LOPES";"EDIO LOPES";"PMDB";"RR";"527657";"2011";"54";"dep_527657.jpg"
"MOREIRA MENDES";"MOREIRA MENDES";"PSD";"RO";"527640";"2011";"54";"dep_527640.jpg"
"JOAO MAIA";"JOAO MAIA";"PR";"RN";"527550";"2011";"54";"dep_527550.jpg"
"FELIPE MAIA";"FELIPE MAIA";"DEM";"RN";"527540";"2011";"54";"dep_527540.jpg"
"FABIO FARIA";"FABIO FARIA";"PSD";"RN";"527539";"2011";"54";"dep_527539.jpg"
"RODRIGO BETHLEM";"RODRIGO BETHLEM";"PMDB";"RJ";"527425";"2011";"54";"dep_527425.jpg"
"DR. PAULO CESAR";"DR. PAULO CESAR";"PR";"RJ";"527378";"2011";"54";"dep_527378.jpg"
"OTAVIO LEITE";"OTAVIO LEITE";"PSDB";"RJ";"527369";"2011";"54";"dep_527369.jpg"
"HUGO LEAL";"HUGO LEAL";"PROS";"RJ";"527082";"2011";"54";"dep_527082.jpg"
"GLAUBER BRAGA";"GLAUBER BRAGA";"PSB";"RJ";"527072";"2011";"54";"dep_527072.jpg"
"FELIPE BORNIER";"FELIPE BORNIER";"PSD";"RJ";"527042";"2011";"54";"dep_527042.jpg"
"EDSON SANTOS";"EDSON SANTOS";"PT";"RJ";"527013";"2011";"54";"dep_527013.jpg"
"ANDREIA ZITO";"ANDREIA ZITO";"PSDB";"RJ";"526874";"2011";"54";"dep_526874.jpg"
"DR. ADILSON SOARES";"DR. ADILSON SOARES";"PR";"RJ";"526835";"2011";"54";"dep_526835.jpg"
"ALFREDO KAEFER";"ALFREDO KAEFER";"PSDB";"PR";"526687";"2011";"54";"dep_526687.jpg"
"ANGELO VANHONI";"ANGELO VANHONI";"PT";"PR";"526612";"2011";"54";"dep_526612.jpg"
"OSMAR JUNIOR";"OSMAR JUNIOR";"PCdoB";"PI";"526575";"2011";"54";"dep_526575.jpg"
"WOLNEY QUEIROZ";"WOLNEY QUEIROZ";"PDT";"PE";"526520";"2011";"54";"dep_526520.jpg"
"SILVIO COSTA";"SILVIO COSTA";"PSC";"PE";"526509";"2011";"54";"dep_526509.jpg"
"PEDRO EUGENIO";"PEDRO EUGENIO";"PT";"PE";"526489";"2011";"54";"dep_526489.jpg"
"FERNANDO COELHO FILHO";"FERNANDO COELHO FILHO";"PSB";"PE";"526411";"2011";"54";"dep_526411.jpg"
"EDUARDO DA FONTE";"EDUARDO DA FONTE";"PP";"PE";"526389";"2011";"54";"dep_526389.jpg"
"BRUNO ARAUJO";"BRUNO ARAUJO";"PSDB";"PE";"526364";"2011";"54";"dep_526364.jpg"
"MANOEL JUNIOR";"MANOEL JUNIOR";"PMDB";"PB";"526317";"2011";"54";"dep_526317.jpg"
"EFRAIM FILHO";"EFRAIM FILHO";"DEM";"PB";"526284";"2011";"54";"dep_526284.jpg"
"WANDENKOLK GONCALVES";"WANDENKOLK GONCALVES";"PSDB";"PA";"526260";"2011";"54";"dep_526260.jpg"
"LUCIO VALE";"LUCIO VALE";"PR";"PA";"526213";"2011";"54";"dep_526213.jpg"
"BETO FARO";"BETO FARO";"PT";"PA";"526207";"2011";"54";"dep_526207.jpg"
"LIRA MAIA";"LIRA MAIA";"DEM";"PA";"526195";"2011";"54";"dep_526195.jpg"
"GIOVANNI QUEIROZ";"GIOVANNI QUEIROZ";"PDT";"PA";"526179";"2011";"54";"dep_526179.jpg"
"ELCIONE BARBALHO";"ELCIONE BARBALHO";"PMDB";"PA";"526158";"2011";"54";"dep_526158.jpg"
"VALTENIR PEREIRA";"VALTENIR PEREIRA";"PROS";"MT";"526124";"2011";"54";"dep_526124.jpg"
"ELIENE LIMA";"ELIENE LIMA";"PSD";"MT";"526068";"2011";"54";"dep_526068.jpg"
"CARLOS BEZERRA";"CARLOS BEZERRA";"PMDB";"MT";"526056";"2011";"54";"dep_526056.jpg"
"MARCAL FILHO";"MARCAL FILHO";"PMDB";"MS";"526015";"2011";"54";"dep_526015.jpg"
"RODRIGO DE CASTRO";"RODRIGO DE CASTRO";"PSDB";"MG";"525903";"2011";"54";"dep_525903.jpg"
"PAULO ABI-ACKEL";"PAULO ABI-ACKEL";"PSDB";"MG";"525873";"2011";"54";"dep_525873.jpg"
"BILAC PINTO";"BILAC PINTO";"PR";"MG";"525865";"2011";"54";"dep_525865.jpg"
"JO MORAES";"JO MORAES";"PCdoB";"MG";"525831";"2011";"54";"dep_525831.jpg"
"MARCOS MONTES";"MARCOS MONTES";"PSD";"MG";"525821";"2011";"54";"dep_525821.jpg"
"LUIZ FERNANDO FARIA";"LUIZ FERNANDO FARIA";"PP";"MG";"525797";"2011";"54";"dep_525797.jpg"
"LEONARDO QUINTAO";"LEONARDO QUINTAO";"PMDB";"MG";"525771";"2011";"54";"dep_525771.jpg"
"FABIO RAMALHO";"FABIO RAMALHO";"PV";"MG";"525627";"2011";"54";"dep_525627.jpg"
"ALEXANDRE SILVEIRA";"ALEXANDRE SILVEIRA";"PSD";"MG";"525513";"2011";"54";"dep_525513.jpg"
"AELTON FREITAS";"AELTON FREITAS";"PR";"MG";"525500";"2011";"54";"dep_525500.jpg"
"WALDIR MARANHAO";"WALDIR MARANHAO";"PP";"MA";"525478";"2011";"54";"dep_525478.jpg"
"PROFESSOR SETIMO";"PROFESSOR SETIMO";"PMDB";"MA";"525474";"2011";"54";"dep_525474.jpg"
"ZE VIEIRA";"ZE VIEIRA";"PROS";"MA";"525440";"2011";"54";"dep_525440.jpg"
"PINTO ITAMARATY";"PINTO ITAMARATY";"PSDB";"MA";"525428";"2011";"54";"dep_525428.jpg"
"DOMINGOS DUTRA";"DOMINGOS DUTRA";"SD";"MA";"525386";"2011";"54";"dep_525386.jpg"
"CLEBER VERDE";"CLEBER VERDE";"PRB";"MA";"525375";"2011";"54";"dep_525375.jpg"
"IRIS DE ARAUJO";"IRIS DE ARAUJO";"PMDB";"GO";"525279";"2011";"54";"dep_525279.jpg"
"LELO COIMBRA";"LELO COIMBRA";"PMDB";"ES";"525239";"2011";"54";"dep_525239.jpg"
"IZALCI";"IZALCI";"PSDB";"DF";"525097";"2011";"54";"dep_525097.jpg"
"MAGELA";"MAGELA";"PT";"DF";"525086";"2011";"54";"dep_525086.jpg"
"JOSE GUIMARAES";"JOSE GUIMARAES";"PT";"CE";"525011";"2011";"54";"dep_525011.jpg"
"JOSE AIRTON";"JOSE AIRTON";"PT";"CE";"525000";"2011";"54";"dep_525000.jpg"
"CHICO LOPES";"CHICO LOPES";"PCdoB";"CE";"524985";"2011";"54";"dep_524985.jpg"
"EUDES XAVIER";"EUDES XAVIER";"PT";"CE";"524943";"2011";"54";"dep_524943.jpg"
"SERGIO BRITO";"SERGIO BRITO";"PSD";"BA";"524918";"2011";"54";"dep_524918.jpg"
"ROBERTO BRITTO";"ROBERTO BRITTO";"PP";"BA";"524907";"2011";"54";"dep_524907.jpg"
"MARCOS MEDRADO";"MARCOS MEDRADO";"SD";"BA";"524876";"2011";"54";"dep_524876.jpg"
"MARCIO MARINHO";"MARCIO MARINHO";"PRB";"BA";"524874";"2011";"54";"dep_524874.jpg"
"JOAO CARLOS BACELAR";"JOAO CARLOS BACELAR";"PR";"BA";"524833";"2011";"54";"dep_524833.jpg"
"GERALDO SIMOES";"GERALDO SIMOES";"PT";"BA";"524817";"2011";"54";"dep_524817.jpg"
"SEBASTIAO BALA ROCHA";"SEBASTIAO BALA ROCHA";"SD";"AP";"524745";"2011";"54";"dep_524745.jpg"
"DALVA FIGUEIREDO";"DALVA FIGUEIREDO";"PT";"AP";"524733";"2011";"54";"dep_524733.jpg"
"FATIMA PELAES";"FATIMA PELAES";"PMDB";"AP";"524709";"2011";"54";"dep_524709.jpg"
"REBECCA GARCIA";"REBECCA GARCIA";"PP";"AM";"524687";"2011";"54";"dep_524687.jpg"
"SABINO CASTELO BRANCO";"SABINO CASTELO BRANCO";"PTB";"AM";"524686";"2011";"54";"dep_524686.jpg"
"FRANCISCO PRACIANO";"FRANCISCO PRACIANO";"PT";"AM";"524640";"2011";"54";"dep_524640.jpg"
"GLADSON CAMELI";"GLADSON CAMELI";"PP";"AC";"524520";"2011";"54";"dep_524520.jpg"
"FLAVIANO MELO";"FLAVIANO MELO";"PMDB";"AC";"524512";"2011";"54";"dep_524512.jpg"
"EDUARDO GOMES";"EDUARDO GOMES";"SD";"TO";"524218";"2011";"54";"dep_524218.jpg"
"ANTONIO CARLOS MENDES THAME";"ANTONIO CARLOS MENDES THAME";"PSDB";"SP";"524132";"2011";"54";"dep_524132.jpg"
"CARLOS SAMPAIO";"CARLOS SAMPAIO";"PSDB";"SP";"524095";"2011";"54";"dep_524095.jpg"
"JEFFERSON CAMPOS";"JEFFERSON CAMPOS";"PSD";"SP";"523964";"2011";"54";"dep_523964.jpg"
"LUIZA ERUNDINA";"LUIZA ERUNDINA";"PSB";"SP";"523941";"2011";"54";"dep_523941.jpg"
"MILTON MONTI";"MILTON MONTI";"PR";"SP";"523624";"2011";"54";"dep_523624.jpg"
"ARNALDO FARIA DE SA";"ARNALDO FARIA DE SA";"PTB";"SP";"523606";"2011";"54";"dep_523606.jpg"
"NELSON MARQUEZELLI";"NELSON MARQUEZELLI";"PTB";"SP";"523597";"2011";"54";"dep_523597.jpg"
"VICENTINHO";"VICENTINHO";"PT";"SP";"523577";"2011";"54";"dep_523577.jpg"
"DEVANIR RIBEIRO";"DEVANIR RIBEIRO";"PT";"SP";"523570";"2011";"54";"dep_523570.jpg"
"JOSE MENTOR";"JOSE MENTOR";"PT";"SP";"523548";"2011";"54";"dep_523548.jpg"
"IVAN VALENTE";"IVAN VALENTE";"PSOL";"SP";"523546";"2011";"54";"dep_523546.jpg"
"ARLINDO CHINAGLIA";"ARLINDO CHINAGLIA";"PT";"SP";"523540";"2011";"54";"dep_523540.jpg"
"MENDONCA PRADO";"MENDONCA PRADO";"DEM";"SE";"523410";"2011";"54";"dep_523410.jpg"
"EDINHO BEZ";"EDINHO BEZ";"PMDB";"SC";"523304";"2011";"54";"dep_523304.jpg"
"JOAO PIZZOLATTI";"JOAO PIZZOLATTI";"PP";"SC";"523257";"2011";"54";"dep_523257.jpg"
"BETO ALBUQUERQUE";"BETO ALBUQUERQUE";"PSB";"RS";"523221";"2011";"54";"dep_523221.jpg"
"ONYX LORENZONI";"ONYX LORENZONI";"DEM";"RS";"523198";"2011";"54";"dep_523198.jpg"
"OSMAR TERRA";"OSMAR TERRA";"PMDB";"RS";"523150";"2011";"54";"dep_523150.jpg"
"DARCISIO PERONDI";"DARCISIO PERONDI";"PMDB";"RS";"523144";"2011";"54";"dep_523144.jpg"
"MARIA DO ROSARIO";"MARIA DO ROSARIO";"PT";"RS";"523115";"2011";"54";"dep_523115.jpg"
"MARCO MAIA";"MARCO MAIA";"PT";"RS";"523098";"2011";"54";"dep_523098.jpg"
"HENRIQUE FONTANA";"HENRIQUE FONTANA";"PT";"RS";"523097";"2011";"54";"dep_523097.jpg"
"PAULO PIMENTA";"PAULO PIMENTA";"PT";"RS";"523094";"2011";"54";"dep_523094.jpg"
"ENIO BACCI";"ENIO BACCI";"PDT";"RS";"523088";"2011";"54";"dep_523088.jpg"
"AFONSO HAMM";"AFONSO HAMM";"PP";"RS";"523068";"2011";"54";"dep_523068.jpg"
"LUIS CARLOS HEINZE";"LUIS CARLOS HEINZE";"PP";"RS";"523066";"2011";"54";"dep_523066.jpg"
"JOSE OTAVIO GERMANO";"JOSE OTAVIO GERMANO";"PP";"RS";"523061";"2011";"54";"dep_523061.jpg"
"LUCIANO CASTRO";"LUCIANO CASTRO";"PR";"RR";"523023";"2011";"54";"dep_523023.jpg"
"MARINHA RAUPP";"MARINHA RAUPP";"PMDB";"RO";"522922";"2011";"54";"dep_522922.jpg"
"BETINHO ROSADO";"BETINHO ROSADO";"PP";"RN";"522860";"2011";"54";"dep_522860.jpg"
"SANDRA ROSADO";"SANDRA ROSADO";"PSB";"RN";"522843";"2011";"54";"dep_522843.jpg"
"HENRIQUE EDUARDO ALVES";"HENRIQUE EDUARDO ALVES";"PMDB";"RN";"522840";"2011";"54";"dep_522840.jpg"
"FATIMA BEZERRA";"FATIMA BEZERRA";"PT";"RN";"522825";"2011";"54";"dep_522825.jpg"
"ALEXANDRE SANTOS";"ALEXANDRE SANTOS";"PMDB";"RJ";"522696";"2011";"54";"dep_522696.jpg"
"EDSON EZEQUIEL";"EDSON EZEQUIEL";"PMDB";"RJ";"522608";"2011";"54";"dep_522608.jpg"
"RODRIGO MAIA";"RODRIGO MAIA";"DEM";"RJ";"522553";"2011";"54";"dep_522553.jpg"
"AROLDE DE OLIVEIRA";"AROLDE DE OLIVEIRA";"PSD";"RJ";"522534";"2011";"54";"dep_522534.jpg"
"LEONARDO PICCIANI";"LEONARDO PICCIANI";"PMDB";"RJ";"522398";"2011";"54";"dep_522398.jpg"
"JORGE BITTAR";"JORGE BITTAR";"PT";"RJ";"522344";"2011";"54";"dep_522344.jpg"
"LUIZ SERGIO";"LUIZ SERGIO";"PT";"RJ";"522334";"2011";"54";"dep_522334.jpg"
"CHICO ALENCAR";"CHICO ALENCAR";"PSOL";"RJ";"522329";"2011";"54";"dep_522329.jpg"
"MIRO TEIXEIRA";"MIRO TEIXEIRA";"PROS";"RJ";"522296";"2011";"54";"dep_522296.jpg"
"EDUARDO CUNHA";"EDUARDO CUNHA";"PMDB";"RJ";"522260";"2011";"54";"dep_522260.jpg"
"SIMAO SESSIM";"SIMAO SESSIM";"PP";"RJ";"522258";"2011";"54";"dep_522258.jpg"
"JAIR BOLSONARO";"JAIR BOLSONARO";"PP";"RJ";"522255";"2011";"54";"dep_522255.jpg"
"ALEX CANZIANI";"ALEX CANZIANI";"PTB";"PR";"522236";"2011";"54";"dep_522236.jpg"
"LUIZ CARLOS HAULY";"LUIZ CARLOS HAULY";"PSDB";"PR";"522230";"2011";"54";"dep_522230.jpg"
"ABELARDO LUPION";"ABELARDO LUPION";"DEM";"PR";"522187";"2011";"54";"dep_522187.jpg"
"GIACOBO";"GIACOBO";"PR";"PR";"522180";"2011";"54";"dep_522180.jpg"
"HERMES PARCIANELLO";"HERMES PARCIANELLO";"PMDB";"PR";"522119";"2011";"54";"dep_522119.jpg"
"OSMAR SERRAGLIO";"OSMAR SERRAGLIO";"PMDB";"PR";"522117";"2011";"54";"dep_522117.jpg"
"REINHOLD STEPHANES";"REINHOLD STEPHANES";"PSD";"PR";"522109";"2011";"54";"dep_522109.jpg"
"TAKAYAMA";"TAKAYAMA";"PSC";"PR";"522097";"2011";"54";"dep_522097.jpg"
"ASSIS DO COUTO";"ASSIS DO COUTO";"PT";"PR";"522071";"2011";"54";"dep_522071.jpg"
"DR. ROSINHA";"DR. ROSINHA";"PT";"PR";"522070";"2011";"54";"dep_522070.jpg"
"ANDRE ZACHAROW";"ANDRE ZACHAROW";"PMDB";"PR";"522059";"2011";"54";"dep_522059.jpg"
"DILCEU SPERAFICO";"DILCEU SPERAFICO";"PP";"PR";"522042";"2011";"54";"dep_522042.jpg"
"NELSON MEURER";"NELSON MEURER";"PP";"PR";"522040";"2011";"54";"dep_522040.jpg"
"ATILA LIRA";"ATILA LIRA";"PSB";"PI";"522033";"2011";"54";"dep_522033.jpg"
"JULIO CESAR";"JULIO CESAR";"PSD";"PI";"522014";"2011";"54";"dep_522014.jpg"
"PAES LANDIM";"PAES LANDIM";"PTB";"PI";"522008";"2011";"54";"dep_522008.jpg"
"MARCELO CASTRO";"MARCELO CASTRO";"PMDB";"PI";"521987";"2011";"54";"dep_521987.jpg"
"GONZAGA PATRIOTA";"GONZAGA PATRIOTA";"PSB";"PE";"521901";"2011";"54";"dep_521901.jpg"
"INOCENCIO OLIVEIRA";"INOCENCIO OLIVEIRA";"PR";"PE";"521856";"2011";"54";"dep_521856.jpg"
"JOSE CHAVES";"JOSE CHAVES";"PTB";"PE";"521816";"2011";"54";"dep_521816.jpg"
"CARLOS EDUARDO CADOCA";"CARLOS EDUARDO CADOCA";"PCdoB";"PE";"521814";"2011";"54";"dep_521814.jpg"
"FERNANDO FERRO";"FERNANDO FERRO";"PT";"PE";"521798";"2011";"54";"dep_521798.jpg"
"DAMIAO FELICIANO";"DAMIAO FELICIANO";"PDT";"PB";"521713";"2011";"54";"dep_521713.jpg"
"WELLINGTON ROBERTO";"WELLINGTON ROBERTO";"PR";"PB";"521710";"2011";"54";"dep_521710.jpg"
"LUIZ COUTO";"LUIZ COUTO";"PT";"PB";"521703";"2011";"54";"dep_521703.jpg"
"NILSON PINTO";"NILSON PINTO";"PSDB";"PA";"521683";"2011";"54";"dep_521683.jpg"
"WLADIMIR COSTA";"WLADIMIR COSTA";"SD";"PA";"521607";"2011";"54";"dep_521607.jpg"
"ZE GERALDO";"ZE GERALDO";"PT";"PA";"521592";"2011";"54";"dep_521592.jpg"
"WELLINGTON FAGUNDES";"WELLINGTON FAGUNDES";"PR";"MT";"521528";"2011";"54";"dep_521528.jpg"
"GERALDO RESENDE";"GERALDO RESENDE";"PMDB";"MS";"521466";"2011";"54";"dep_521466.jpg"
"VANDER LOUBET";"VANDER LOUBET";"PT";"MS";"521435";"2011";"54";"dep_521435.jpg"
"BIFFI";"BIFFI";"PT";"MS";"521434";"2011";"54";"dep_521434.jpg"
"EDUARDO BARBOSA";"EDUARDO BARBOSA";"PSDB";"MG";"521405";"2011";"54";"dep_521405.jpg"
"CARLOS MELLES";"CARLOS MELLES";"DEM";"MG";"521245";"2011";"54";"dep_521245.jpg"
"JAIME MARTINS";"JAIME MARTINS";"PSD";"MG";"521243";"2011";"54";"dep_521243.jpg"
"LAEL VARELLA";"LAEL VARELLA";"DEM";"MG";"521230";"2011";"54";"dep_521230.jpg"
"GERALDO THADEU";"GERALDO THADEU";"PSD";"MG";"521216";"2011";"54";"dep_521216.jpg"
"ADEMIR CAMILO";"ADEMIR CAMILO";"PROS";"MG";"521210";"2011";"54";"dep_521210.jpg"
"JULIO DELGADO";"JULIO DELGADO";"PSB";"MG";"521209";"2011";"54";"dep_521209.jpg"
"LINCOLN PORTELA";"LINCOLN PORTELA";"PR";"MG";"521137";"2011";"54";"dep_521137.jpg"
"SARAIVA FELIPE";"SARAIVA FELIPE";"PMDB";"MG";"521130";"2011";"54";"dep_521130.jpg"
"JOAO MAGALHAES";"JOAO MAGALHAES";"PMDB";"MG";"521109";"2011";"54";"dep_521109.jpg"
"MAURO LOPES";"MAURO LOPES";"PMDB";"MG";"521107";"2011";"54";"dep_521107.jpg"
"LEONARDO MONTEIRO";"LEONARDO MONTEIRO";"PT";"MG";"521068";"2011";"54";"dep_521068.jpg"
"REGINALDO LOPES";"REGINALDO LOPES";"PT";"MG";"521043";"2011";"54";"dep_521043.jpg"
"SARNEY FILHO";"SARNEY FILHO";"PV";"MA";"520939";"2011";"54";"dep_520939.jpg"
"PEDRO FERNANDES";"PEDRO FERNANDES";"PTB";"MA";"520935";"2011";"54";"dep_520935.jpg"
"GASTAO VIEIRA";"GASTAO VIEIRA";"PMDB";"MA";"520904";"2011";"54";"dep_520904.jpg"
"PEDRO NOVAIS";"PEDRO NOVAIS";"PMDB";"MA";"520901";"2011";"54";"dep_520901.jpg"
"JOAO CAMPOS";"JOAO CAMPOS";"PSDB";"GO";"520857";"2011";"54";"dep_520857.jpg"
"JOVAIR ARANTES";"JOVAIR ARANTES";"PTB";"GO";"520853";"2011";"54";"dep_520853.jpg"
"RONALDO CAIADO";"RONALDO CAIADO";"DEM";"GO";"520831";"2011";"54";"dep_520831.jpg"
"SANDRO MABEL";"SANDRO MABEL";"PMDB";"GO";"520829";"2011";"54";"dep_520829.jpg"
"PEDRO CHAVES";"PEDRO CHAVES";"PMDB";"GO";"520787";"2011";"54";"dep_520787.jpg"
"LEANDRO VILELA";"LEANDRO VILELA";"PMDB";"GO";"520774";"2011";"54";"dep_520774.jpg"
"RUBENS OTONI";"RUBENS OTONI";"PT";"GO";"520760";"2011";"54";"dep_520760.jpg"
"SANDES JUNIOR";"SANDES JUNIOR";"PP";"GO";"520741";"2011";"54";"dep_520741.jpg"
"ROBERTO BALESTRA";"ROBERTO BALESTRA";"PP";"GO";"520737";"2011";"54";"dep_520737.jpg"
"ROSE DE FREITAS";"ROSE DE FREITAS";"PMDB";"ES";"520730";"2011";"54";"dep_520730.jpg"
"IRINY LOPES";"IRINY LOPES";"PT";"ES";"520657";"2011";"54";"dep_520657.jpg"
"CARLOS MANATO";"CARLOS MANATO";"SD";"ES";"520647";"2011";"54";"dep_520647.jpg"
"VICENTE ARRUDA";"VICENTE ARRUDA";"PROS";"CE";"520521";"2011";"54";"dep_520521.jpg"
"ARIOSTO HOLANDA";"ARIOSTO HOLANDA";"PROS";"CE";"520520";"2011";"54";"dep_520520.jpg"
"MANOEL SALVIANO";"MANOEL SALVIANO";"PSD";"CE";"520518";"2011";"54";"dep_520518.jpg"
"ARNON BEZERRA";"ARNON BEZERRA";"PTB";"CE";"520515";"2011";"54";"dep_520515.jpg"
"RAIMUNDO GOMES DE MATOS";"RAIMUNDO GOMES DE MATOS";"PSDB";"CE";"520511";"2011";"54";"dep_520511.jpg"
"GORETE PEREIRA";"GORETE PEREIRA";"PR";"CE";"520468";"2011";"54";"dep_520468.jpg"
"MAURO BENEVIDES";"MAURO BENEVIDES";"PMDB";"CE";"520437";"2011";"54";"dep_520437.jpg"
"ANIBAL GOMES";"ANIBAL GOMES";"PMDB";"CE";"520429";"2011";"54";"dep_520429.jpg"
"JOSE LINHARES";"JOSE LINHARES";"PP";"CE";"520409";"2011";"54";"dep_520409.jpg"
"DANIEL ALMEIDA";"DANIEL ALMEIDA";"PCdoB";"BA";"520407";"2011";"54";"dep_520407.jpg"
"ALICE PORTUGAL";"ALICE PORTUGAL";"PCdoB";"BA";"520406";"2011";"54";"dep_520406.jpg"
"JUTAHY JUNIOR";"JUTAHY JUNIOR";"PSDB";"BA";"520403";"2011";"54";"dep_520403.jpg"
"FABIO SOUTO";"FABIO SOUTO";"DEM";"BA";"520353";"2011";"54";"dep_520353.jpg"
"PAULO MAGALHAES";"PAULO MAGALHAES";"PSD";"BA";"520343";"2011";"54";"dep_520343.jpg"
"JOSE ROCHA";"JOSE ROCHA";"PR";"BA";"520341";"2011";"54";"dep_520341.jpg"
"CLAUDIO CAJADO";"CLAUDIO CAJADO";"DEM";"BA";"520340";"2011";"54";"dep_520340.jpg"
"JOSE CARLOS ARAUJO";"JOSE CARLOS ARAUJO";"PSD";"BA";"520332";"2011";"54";"dep_520332.jpg"
"LUIZ ALBERTO";"LUIZ ALBERTO";"PT";"BA";"520290";"2011";"54";"dep_520290.jpg"
"EVANDRO MILHOMEN";"EVANDRO MILHOMEN";"PCdoB";"AP";"520258";"2011";"54";"dep_520258.jpg"
"JANETE CAPIBERIBE";"JANETE CAPIBERIBE";"PSB";"AP";"520257";"2011";"54";"dep_520257.jpg"
"DAVI ALCOLUMBRE";"DAVI ALCOLUMBRE";"DEM";"AP";"520221";"2011";"54";"dep_520221.jpg"
"ATILA LINS";"ATILA LINS";"PSD";"AM";"520172";"2011";"54";"dep_520172.jpg"
"SILAS CAMARA";"SILAS CAMARA";"PSD";"AM";"520152";"2011";"54";"dep_520152.jpg"
"MAURICIO QUINTELLA LESSA";"MAURICIO QUINTELLA LESSA";"PR";"AL";"520128";"2011";"54";"dep_520128.jpg"
"GIVALDO CARIMBAO";"GIVALDO CARIMBAO";"PROS";"AL";"520124";"2011";"54";"dep_520124.jpg"
"PERPETUA ALMEIDA";"PERPETUA ALMEIDA";"PCdoB";"AC";"520068";"2011";"54";"dep_520068.jpg"
"HENRIQUE AFONSO";"HENRIQUE AFONSO";"PV";"AC";"520015";"2011";"54";"dep_520015.jpg"
"PROFESSOR SÉRGIO DE OLIVEIRA";"PROFESSOR SERGIO DE OLIVEIRA";"PSC";"PR";"170673";"2011";"54";"dep_170673.jpg"
"ALEXANDRE TOLEDO";"ALEXANDRE TOLEDO";"PSDB";"AL";"169712";"2011";"54";"dep_169712.jpg"
"TELMA PINHEIRO";"TELMA PINHEIRO";"PSDB";"MA";"169711";"2011";"54";"dep_169711.jpg"
"SEVERINO NINHO";"SEVERINO NINHO";"PSB";"PE";"167614";"2011";"54";"dep_167614.jpg"
"DRA. ELAINE ABISSAMRA";"DRA.ELAINE ABISSAMRA";"PSB";"SP";"166727";"2011";"54";"dep_166727.jpg"
"FERNANDO JORDÃO";"FERNANDO JORDAO";"PMDB";"RJ";"163831";"2011";"54";"dep_163831.jpg"
"WALNEY ROCHA";"WALNEY ROCHA";"PTB";"RJ";"160631";"2011";"54";"dep_160631.jpg"
"GIROTO";"GIROTO";"PR";"MS";"160562";"2011";"54";"dep_160562.jpg"
"BERINHO BANTIM";"BERINHO BANTIM";"PSDB";"RR";"160554";"2011";"54";"dep_160554.jpg"
"MARCELO ALMEIDA";"MARCELO ALMEIDA";"PMDB";"PR";"146613";"2011";"54";"dep_146613.jpg"
"WALTER IHOSHI";"WALTER IHOSHI";"DEM";"SP";"141560";"2011";"54";"dep_141560.jpg"
"PAULO HENRIQUE LUSTOSA";"PAULO HENRIQUE LUSTOSA";"PMDB";"CE";"141517";"2011";"54";"dep_141517.jpg"
"MAURÍCIO TRINDADE";"MAURICIO TRINDADE";"PR";"BA";"141506";"2011";"54";"dep_141506.jpg"
"GEORGE HILTON";"GEORGE HILTON";"PRB";"MG";"525638";"2011";"54";"sem_foto.jpg"
"ROBERTO DE LUCENA";"ROBERTO DE LUCENA";"PV";"SP";"530205";"2011";"54";"sem_foto.jpg"
"VIEIRA DA CUNHA";"VIEIRA DA CUNHA";"PDT";"RS";"527766";"2011";"54";"sem_foto.jpg"
"ANDRE VARGAS";"ANDRE VARGAS";"PT";"PR";"526610";"2011";"54";"sem_foto.jpg"
"ROSINHA DA ADEFAL";"ROSINHA DA ADEFAL";"PTdoB";"AL";"530009";"2011";"54";"sem_foto.jpg"
"MANATO";"MANATO";"SD";"ES";"520647";"2011";"54";"sem_foto.jpg"
"ELISEU PADILHA";"ELISEU PADILHA";"PMDB";"RS";"533082";"2011";"54";"sem_foto.jpg"
"ZEQUINHA MARINHO";"ZEQUINHA MARINHO";"PSC";"PA";"521577";"2011";"54";"sem_foto.jpg"
"HENRIQUE OLIVEIRA";"HENRIQUE OLIVEIRA";"SD";"AM";"530010";"2011";"54";"sem_foto.jpg"
"DUDU LUIZ EDUARDO";"DUDU LUIZ EDUARDO";"PSDC";"RJ";"5829237";"2011";"54";"sem_foto.jpg"
"REINALDO AZAMBUJA";"REINALDO AZAMBUJA";"PSDB";"MS";"530085";"2011";"54";"sem_foto.jpg"
"COLBERT MARTINS";"COLBERT MARTINS";"PMDB";"BA";"5829196";"2011";"54";"sem_foto.jpg"
"PEPE VARGAS";"PEPE VARGAS";"PT";"RS";"527813";"2011";"54";"sem_foto.jpg"
"FILIPE PEREIRA";"FILIPE PEREIRA";"PSC";"RJ";"527045";"2011";"54";"sem_foto.jpg"
"ARACELY DE PAULA";"ARACELY DE PAULA";"PR";"MG";"521241";"2011";"54";"sem_foto.jpg"
"SUELI VIDIGAL";"SUELI VIDIGAL";"PDT";"ES";"525230";"2011";"54";"sem_foto.jpg"
"VALDIVINO DE OLIVEIRA";"VALDIVINO DE OLIVEIRA";"PSDB";"GO";"530998";"2011";"54";"sem_foto.jpg"
"RUI COSTA";"RUI COSTA";"PT";"BA";"530023";"2011";"54";"sem_foto.jpg"
"ARNALDO JARDIM";"ARNALDO JARDIM";"PPS";"SP";"528260";"2011";"54";"sem_foto.jpg"
"RATINHO JUNIOR";"RATINHO JUNIOR";"PSC";"PR";"526627";"2011";"54";"sem_foto.jpg"
"DANILO CABRAL";"DANILO CABRAL";"PSB";"PE";"530107";"2011";"54";"sem_foto.jpg"
"PAULO CESAR QUARTIERO";"PAULO CESAR QUARTIERO";"DEM";"RR";"530155";"2011";"54";"sem_foto.jpg"
"ARTUR BRUNO";"ARTUR BRUNO";"PT";"CE";"530034";"2011";"54";"sem_foto.jpg"
"RAUL HENRY";"RAUL HENRY";"PMDB";"PE";"526493";"2011";"54";"sem_foto.jpg"
"EDUARDO SCIARRA";"EDUARDO SCIARRA";"PSD";"PR";"522190";"2011";"54";"sem_foto.jpg"
"JOSIAS GOMES";"JOSIAS GOMES";"PT";"BA";"530021";"2011";"54";"sem_foto.jpg"
"CARLOS SOUZA";"CARLOS SOUZA";"PSD";"AM";"520162";"2011";"54";"sem_foto.jpg"
"CIDA BORGHETTI";"CIDA BORGHETTI";"PROS";"PR";"530116";"2011";"54";"sem_foto.jpg"
"SUBTENENTE GONZAGA";"SUBTENENTE GONZAGA";"PDT";"MG";"5829238";"2011";"54";"sem_foto.jpg"
"CESAR COLNAGO";"CESAR COLNAGO";"PSDB";"ES";"530052";"2011";"54";"sem_foto.jpg"
"DUARTE NOGUEIRA";"DUARTE NOGUEIRA";"PSDB";"SP";"528229";"2011";"54";"sem_foto.jpg"
"RENAN FILHO";"RENAN FILHO";"PMDB";"AL";"530007";"2011";"54";"sem_foto.jpg"
"NELSON PELLEGRINO";"NELSON PELLEGRINO";"PT";"BA";"520301";"2011";"54";"sem_foto.jpg"
"ODAIR CUNHA";"ODAIR CUNHA";"PT";"MG";"521038";"2011";"54";"sem_foto.jpg"
"GABRIEL CHALITA";"GABRIEL CHALITA";"PMDB";"SP";"530201";"2011";"54";"sem_foto.jpg"
"PAULO WAGNER";"PAULO WAGNER";"PV";"RN";"530148";"2011";"54";"sem_foto.jpg"
"PEDRO PAULO";"PEDRO PAULO";"PMDB";"RJ";"530133";"2011";"54";"sem_foto.jpg"
"FERNANDO FRANCISCHINI";"FERNANDO FRANCISCHINI";"SD";"PR";"530125";"2011";"54";"sem_foto.jpg"
"FRANCISCO ESCORCIO";"FRANCISCO ESCORCIO";"PMDB";"MA";"531070";"2011";"54";"sem_foto.jpg"
"CARLOS BRANDAO";"CARLOS BRANDAO";"PSDB";"MA";"525372";"2011";"54";"sem_foto.jpg"
"EDINHO ARAUJO";"EDINHO ARAUJO";"PMDB";"SP";"530190";"2011";"54";"sem_foto.jpg"
"JOAO LEAO";"JOAO LEAO";"PP";"BA";"520277";"2011";"54";"sem_foto.jpg"
"ANTONIO ANDRADE";"ANTONIO ANDRADE";"PMDB";"MG";"525539";"2011";"54";"sem_foto.jpg"
"MARCIO FRANCA";"MARCIO FRANCA";"PSB";"SP";"528753";"2011";"54";"sem_foto.jpg"
"ANDRE DE PAULA";"ANDRE DE PAULA";"PSD";"PE";"5829234";"2011";"54";"sem_foto.jpg"
"JOAO DADO";"JOAO DADO";"SD";"SP";"528553";"2011";"54";"sem_foto.jpg"
"JOSE CARLOS VIEIRA";"JOSE CARLOS VIEIRA";"PSD";"SC";"5829236";"2011";"54";"sem_foto.jpg"
"JOAO CALDAS";"JOAO CALDAS";"SD";"AL";"5829170";"2011";"54";"sem_foto.jpg"
"SIMPLICIO ARAUJO";"SIMPLICIO ARAUJO";"SD";"MA";"531124";"2011";"54";"sem_foto.jpg"
"MIGUEL CORREA";"MIGUEL CORREA";"PT";"MG";"525846";"2011";"54";"sem_foto.jpg"
"ILÁRIO MARQUES";"ILARIO MARQUES";"PT";"CE";"173262";"2011";"54";"sem_foto.jpg"
"RUI PALMEIRA";"RUI PALMEIRA";"PSDB";"AL";"76420";"2011";"54";"sem_foto.jpg"
"ANDRÉ DIAS";"ANDRE DIAS";"PSDB";"PA";"161905";"2011";"54";"sem_foto.jpg"
"WALTER FELDMAN";"WALTER FELDMAN";"PSDB";"SP";"74284";"2011";"54";"sem_foto.jpg"
"JOAQUIM BELTRÃO";"JOAQUIM BELTRAO";"PMDB";"AL";"141461";"2011";"54";"sem_foto.jpg"
"RICARDO QUIRINO";"RICARDO QUIRINO";"PRB";"DF";"150634";"2011";"54";"sem_foto.jpg"
"DR. ALUIZIO";"DR. ALUIZIO";"PV";"RJ";"160529";"2011";"54";"sem_foto.jpg"
"ZENALDO COUTINHO";"ZENALDO COUTINHO";"PSDB";"PA";"74354";"2011";"54";"sem_foto.jpg"
"JORGE PINHEIRO";"JORGE PINHEIRO";"PRB";"GO";"73569";"2011";"54";"sem_foto.jpg"
"AUGUSTO CARVALHO";"AUGUSTO CARVALHO";"PPS";"DF";"73655";"2011";"54";"sem_foto.jpg"
"DELEGADO WALDIR";"DELEGADO WALDIR";"PSDB";"GO";"164359";"2011";"54";"sem_foto.jpg"
"RENATO ANDRADE";"RENATO ANDRADE";"PP";"MG";"171620";"2011";"54";"sem_foto.jpg"
"ISAIAS SILVESTRE";"ISAIAS SILVESTRE";"PSB";"MG";"74152";"2011";"54";"sem_foto.jpg"
"GEAN LOUREIRO";"GEAN LOUREIRO";"PMDB";"SC";"165429";"2011";"54";"sem_foto.jpg"
"PAULO PIAU";"PAULO PIAU";"PMDB";"MG";"141519";"2011";"54";"sem_foto.jpg"
"NAZARENO FONTELES";"NAZARENO FONTELES";"PT";"PI";"74491";"2011";"54";"sem_foto.jpg"
"RAIMUNDÃO";"RAIMUNDAO";"PMDB";"CE";"160516";"2011";"54";"sem_foto.jpg"
"ASDRUBAL BENTES";"ASDRUBAL BENTES";"PMDB";"PA";"74222";"2011";"54";"sem_foto.jpg"
"MÁRIO NEGROMONTE";"MARIO NEGROMONTE";"PP";"BA";"74635";"2011";"54";"sem_foto.jpg"
"NEILTON MULIM";"NEILTON MULIM";"PR";"RJ";"141510";"2011";"54";"sem_foto.jpg"
"SERGIO GUERRA";"SERGIO GUERRA";"PSDB";"PE";"74435";"2011";"54";"sem_foto.jpg"
"FERNANDO LOPES";"FERNANDO LOPES";"PMDB";"RJ";"74843";"2011";"54";"sem_foto.jpg"
"GILMAR MACHADO";"GILMAR MACHADO";"PT";"MG";"74581";"2011";"54";"sem_foto.jpg"
"EDUARDO AZEREDO";"EDUARDO AZEREDO";"PSDB";"MG";"160647";"2011";"54";"sem_foto.jpg"
"ELIANE ROLIM";"ELIANE ROLIM";"PT";"RJ";"162175";"2011";"54";"sem_foto.jpg"
"JOÃO PAULO CUNHA";"JOAO PAULO CUNHA";"PT";"SP";"73534";"2011";"54";"sem_foto.jpg"
"NILMAR RUIZ";"NILMAR RUIZ";"PR";"TO";"73594";"2011";"54";"sem_foto.jpg"
"DR. DILSON DRUMOND";"DR. DILSON DRUMOND";"PDT";"RJ";"170489";"2011";"54";"sem_foto.jpg"
"ANTÔNIO ROBERTO";"ANTONIO ROBERTO";"PV";"MG";"141390";"2011";"54";"sem_foto.jpg"
"HELENO SILVA";"HELENO SILVA";"PRB";"SE";"74053";"2011";"54";"sem_foto.jpg"
"PLÍNIO VALÉRIO";"PLINIO VALERIO";"DEM";"AM";"172711";"2011";"54";"sem_foto.jpg"
"GERA ARRUDA";"GERA ARRUDA";"PMDB";"CE";"145895";"2011";"54";"sem_foto.jpg"
"CRISTIANO";"CRISTIANO";"PTdoB";"RJ";"114586";"2011";"54";"sem_foto.jpg"
"CELSO JACOB";"CELSO JACOB";"PMDB";"RJ";"73568";"2011";"54";"sem_foto.jpg"
"SOLANGE ALMEIDA";"SOLANGE ALMEIDA";"PMDB";"RJ";"141547";"2011";"54";"sem_foto.jpg"
"ROMANNA REMOR";"ROMANNA REMOR";"DEM";"SC";"167707";"2011";"54";"sem_foto.jpg"
"TERESA SURITA";"TERESA SURITA";"PMDB";"RR";"160608";"2011";"54";"sem_foto.jpg"
"AUDIFAX";"AUDIFAX";"PSB";"ES";"160680";"2011";"54";"sem_foto.jpg"
"JONAS DONIZETTE";"JONAS DONIZETTE";"PSB";"SP";"160548";"2011";"54";"sem_foto.jpg"
"ROMERO RODRIGUES";"ROMERO RODRIGUES";"PSDB";"PB";"160629";"2011";"54";"sem_foto.jpg"
"FRANCISCO ARAÚJO";"FRANCISCO ARAUJO";"PSL";"RR";"165675";"2011";"54";"sem_foto.jpg"
"CELIA ROCHA";"CELIA ROCHA";"PTB";"AL";"160624";"2011";"54";"sem_foto.jpg"
"PROFESSORA MARCIVANIA";"PROFESSORA MARCIVANIA";"PT";"AP";"160641";"2011";"54";"sem_foto.jpg"
"LEONARDO GADELHA";"LEONARDO GADELHA";"PSC";"PB";"122195";"2011";"54";"sem_foto.jpg"
"RICARDO ARRUDA";"RICARDO ARRUDA";"PSC";"PR";"172945";"2011";"54";"sem_foto.jpg"
"VALDIR COLATTO";"VALDIR COLATTO";"PMDB";"SC";"74010";"2011";"54";"sem_foto.jpg"
"ROGÉRIO MARINHO";"ROGERIO MARINHO";"PSDB";"RN";"141535";"2011";"54";"sem_foto.jpg"
"PROFESSOR VICTÓRIO GALLI";"PROFESSOR VICTORIO GALLI";"PMDB";"MT";"148134";"2011";"54";"sem_foto.jpg"
"MARCELO GUIMARÃES FILHO";"MARCELO GUIMARAES FILHO";"PMDB";"BA";"74143";"2011";"54";"sem_foto.jpg"
"JOSÉ DE FILIPPI";"JOSE DE FILIPPI";"PT";"SP";"160560";"2011";"54";"sem_foto.jpg"
"RICARDO ARCHER";"RICARDO ARCHER";"PMDB";"MA";"169553";"2011";"54";"sem_foto.jpg"
"PAULO MARINHO JUNIOR";"PAULO MARINHO JUNIOR";"PMDB";"MA";"128760";"2011";"54";"sem_foto.jpg"
"DELEY";"DELEY";"PSC";"RJ";"74172";"2011";"54";"sem_foto.jpg"
"ALDO REBELO";"ALDO REBELO";"PCdoB";"SP";"73428";"2011";"54";"sem_foto.jpg"
"RIBAMAR ALVES";"RIBAMAR ALVES";"PSB";"MA";"74027";"2011";"54";"sem_foto.jpg"
"MARINA SANTANNA";"MARINA SANTANNA";"PT";"GO";"164361";"2011";"54";"sem_foto.jpg"
"CARMEN ZANOTTO";"CARMEN ZANOTTO";"PPS";"SC";"164360";"2011";"54";"sem_foto.jpg"
"RONALDO NOGUEIRA";"RONALDO NOGUEIRA";"PTB";"RS";"163321";"2011";"54";"sem_foto.jpg"
"NATAN DONADON";"NATAN DONADON";"PMDB";"RO";"133372";"2011";"54";"sem_foto.jpg"
"PEDRO GUERRA";"PEDRO GUERRA";"DEM";"PR";"174314";"2011";"54";"sem_foto.jpg"
"LAUREZ MOREIRA";"LAUREZ MOREIRA";"PSB";"TO";"141479";"2011";"54";"sem_foto.jpg"
"CARLAILE PEDROSA";"CARLAILE PEDROSA";"PSDB";"MG";"160585";"2011";"54";"sem_foto.jpg"
"CARLINHOS ALMEIDA";"CARLINHOS ALMEIDA";"PT";"SP";"160584";"2011";"54";"sem_foto.jpg"
"CARLOS ROBERTO";"CARLOS ROBERTO";"PSDB";"SP";"165583";"2011";"54";"sem_foto.jpg"
"PAULO FERREIRA";"PAULO FERREIRA";"PT";"RS";"109372";"2011";"54";"sem_foto.jpg"
"ALBERTO MOURÃO";"ALBERTO MOURAO";"PSDB";"SP";"74696";"2011";"54";"sem_foto.jpg"
"GOIACIARA CRUZ";"GOIACIARA CRUZ";"PR";"TO";"173802";"2011";"54";"sem_foto.jpg"
"LEOMAR QUINTANILHA";"LEOMAR QUINTANILHA";"PMDB";"TO";"73716";"2011";"54";"sem_foto.jpg"
"VALRY MORAIS";"VALRY MORAIS";"PRP";"PA";"169868";"2011";"54";"sem_foto.jpg"
"MARCIO REINALDO MOREIRA";"MARCIO REINALDO MOREIRA";"PP";"MG";"74744";"2011";"54";"sem_foto.jpg"
"CABO JULIANO RABELO";"CABO JULIANO RABELO";"PDT";"MT";"168034";"2011";"54";"sem_foto.jpg"
"LUIZ NOÉ";"LUIZ NOE";"PSB";"RS";"161962";"2011";"54";"sem_foto.jpg"
"ARMANDO ABÍLIO";"ARMANDO ABILIO";"PTB";"PB";"74405";"2011";"54";"sem_foto.jpg"
"EDIVALDO HOLANDA JUNIOR";"EDIVALDO HOLANDA JUNIOR";"PTC";"MA";"160616";"2011";"54";"sem_foto.jpg"
"LUCIANO MOREIRA";"LUCIANO MOREIRA";"PMDB";"MA";"160513";"2011";"54";"sem_foto.jpg"
"ALEXANDRE CARDOSO";"ALEXANDRE CARDOSO";"PSB";"RJ";"74829";"2011";"54";"sem_foto.jpg"
"PAULO TADEU";"PAULO TADEU";"PT";"DF";"160658";"2011";"54";"sem_foto.jpg"
"FRANCISCO DE ASSIS";"FRANCISCO DE ASSIS";"PT";"PI";"159237";"2011";"54";"sem_foto.jpg"
